model,rmse,r2,alpha
OLS,0.3556150562426023,0.1785329846308143,
Ridge (Opt),0.3556283610581205,0.1784715155149435,1.232846739442066
Lasso (Opt),0.3555757629955897,0.1787145085709074,0.0003351387051166
Ridge (Paper),0.3556147648582616,0.1785343308197473,0.0091
Lasso (Paper),0.355577739884441,0.1787053763700433,0.00038
RF_baseline,0.0010593499054713865,0.9999927103158093,
RF_shallow,0.0010593499054713865,0.9999927103158093,
